{
  "project_info": {
    "project_number": "435889854584",
    "project_id": "food-app-nndroid",
    "storage_bucket": "food-app-nndroid.appspot.com"
  },
  "client": [
    {
      "client_info": {
        "mobilesdk_app_id": "1:435889854584:android:1ac87329059e532617f58d",
        "android_client_info": {
          "package_name": "com.example.foodappandroid"
        }
      },
      "oauth_client": [
        {
          "client_id": "435889854584-fni7ibd7umpm1tpsh1fr8920ffgulfjm.apps.googleusercontent.com",
          "client_type": 3
        }
      ],
      "api_key": [
        {
          "current_key": "AIzaSyClErceOFPzt3btt6-fURw0EY_yJ3WOLjk"
        }
      ],
      "services": {
        "appinvite_service": {
          "other_platform_oauth_client": [
            {
              "client_id": "435889854584-fni7ibd7umpm1tpsh1fr8920ffgulfjm.apps.googleusercontent.com",
              "client_type": 3
            }
          ]
        }
      }
    }
  ],
  "configuration_version": "1"
}